term,chol_hdl,chol_ldl,chol_tot,trig_log,apob,gluc,insulin_log,hba1c
chol_hdl,,-0.313433701185569,-0.132552389164541,-0.546384941922702,-0.402816879129155,-0.0682514102810621,-0.252924271522828,-0.0809159165000028
chol_ldl,-0.313433701185569,,0.931248014184692,0.459441312345294,0.899515025647771,0.165922198583263,0.356880115237047,0.20830735992188
chol_tot,-0.132552389164541,0.931248014184692,,0.507480121058083,0.812328508957207,0.133082455699114,0.365931315754233,0.208860096364717
trig_log,-0.546384941922702,0.459441312345294,0.507480121058083,,0.550495443932469,0.0914408978721865,0.348709584334407,0.182502954140633
apob,-0.402816879129155,0.899515025647771,0.812328508957207,0.550495443932469,,0.193899020049586,0.359507615743112,0.135207367289591
gluc,-0.0682514102810621,0.165922198583263,0.133082455699114,0.0914408978721865,0.193899020049586,,0.370979074989523,0.396049543049798
insulin_log,-0.252924271522828,0.356880115237047,0.365931315754233,0.348709584334407,0.359507615743112,0.370979074989523,,0.120140737891053
hba1c,-0.0809159165000028,0.20830735992188,0.208860096364717,0.182502954140633,0.135207367289591,0.396049543049798,0.120140737891053,
